bioguideId,depiction,district,name,partyName,state,terms,updateDate,url
G000590,"{""attribution"": ""Image courtesy of the Member"", ""imageUrl"": ""https://www.congress.gov/img/member/g000590_200.jpg""}",7,"Green, Mark E.",Republican,Tennessee,"{""item"": [{""chamber"": ""House of Representatives"", ""endYear"": 2025, ""startYear"": 2019}]}",2025-07-22T11:24:37Z,https://api.congress.gov/v3/member/G000590?format=json
C000488,"{""attribution"": ""Collection of the U.S. House of Representatives"", ""imageUrl"": ""https://www.congress.gov/img/member/c000488_200.jpg""}",1,"Clay, William (Bill)",Democratic,Missouri,"{""item"": [{""chamber"": ""House of Representatives"", ""endYear"": 2001, ""startYear"": 1969}]}",2025-07-18T12:34:17Z,https://api.congress.gov/v3/member/C000488?format=json
M001233,"{""attribution"": ""Image courtesy of the Member"", ""imageUrl"": ""https://www.congress.gov/img/member/677448630b34857ecc909125_200.jpg""}",8,"Messmer, Mark B.",Republican,Indiana,"{""item"": [{""chamber"": ""House of Representatives"", ""startYear"": 2025}]}",2025-07-14T14:25:50Z,https://api.congress.gov/v3/member/M001233?format=json
M000309,"{""attribution"": ""Collection of the U.S. House of Representatives"", ""imageUrl"": ""https://www.congress.gov/img/member/m000309_200.jpg""}",4,"McCarthy, Carolyn",Democratic,New York,"{""item"": [{""chamber"": ""House of Representatives"", ""endYear"": 2015, ""startYear"": 1997}]}",2025-06-27T11:45:39Z,https://api.congress.gov/v3/member/M000309?format=json
W000520,"{""attribution"": ""Collection of the U.S. House of Representatives, Gift of the U.S. Association of Former Members of Congress"", ""imageUrl"": ""https://www.congress.gov/img/member/w000520_200.jpg""}",,"Williams, Pat",Democratic,Montana,"{""item"": [{""chamber"": ""House of Representatives"", ""endYear"": 1997, ""startYear"": 1979}]}",2025-06-26T18:44:31Z,https://api.congress.gov/v3/member/W000520?format=json
F000460,"{""attribution"": ""Collection of the U.S. House of Representatives"", ""imageUrl"": ""https://www.congress.gov/img/member/f000460_200.jpg""}",27,"Farenthold, Blake",Republican,Texas,"{""item"": [{""chamber"": ""House of Representatives"", ""endYear"": 2018, ""startYear"": 2011}]}",2025-06-23T14:10:40Z,https://api.congress.gov/v3/member/F000460?format=json
N000019,"{""attribution"": ""Congressional Pictorial Directory, 92nd Congress"", ""imageUrl"": ""https://www.congress.gov/img/member/n000019_200.jpg""}",14,"Nedzi, Lucien N.",Democratic,Michigan,"{""item"": [{""chamber"": ""House of Representatives"", ""endYear"": 1981, ""startYear"": 1961}]}",2025-06-18T17:52:12Z,https://api.congress.gov/v3/member/N000019?format=json
R000617,"{""attribution"": ""Image courtesy of the Member"", ""imageUrl"": ""https://www.congress.gov/img/member/684c2356333714e4aee2e1fd_200.jpg""}",3,"Ramirez, Delia C.",Democratic,Illinois,"{""item"": [{""chamber"": ""House of Representatives"", ""startYear"": 2023}]}",2025-06-13T13:48:04Z,https://api.congress.gov/v3/member/R000617?format=json
S001232,"{""attribution"": ""Official U.S. Senate Photo"", ""imageUrl"": ""https://www.congress.gov/img/member/677d8231fdb6cf36bbb6498b_200.jpg""}",,"Sheehy, Tim",Republican,Montana,"{""item"": [{""chamber"": ""Senate"", ""startYear"": 2025}]}",2025-06-07T10:30:29Z,https://api.congress.gov/v3/member/S001232?format=json
L000570,"{""attribution"": ""Image courtesy of the Member"", ""imageUrl"": ""https://www.congress.gov/img/member/l000570_200.jpg""}",,"Luján, Ben Ray",Democratic,New Mexico,"{""item"": [{""chamber"": ""House of Representatives"", ""endYear"": 2021, ""startYear"": 2009}, {""chamber"": ""Senate"", ""startYear"": 2021}]}",2025-06-03T13:18:42Z,https://api.congress.gov/v3/member/L000570?format=json
H001089,"{""imageUrl"": ""https://www.congress.gov/img/member/h001089_200.jpg""}",,"Hawley, Josh",Republican,Missouri,"{""item"": [{""chamber"": ""Senate"", ""startYear"": 2019}]}",2025-05-28T10:30:24Z,https://api.congress.gov/v3/member/H001089?format=json
R000053,"{""attribution"": ""Collection of the U.S. House of Representatives <a href=\""http://history.house.gov/Collection/Detail/30753?ret=True\"">About this object</a>"", ""imageUrl"": ""https://www.congress.gov/img/member/r000053_200.jpg""}",13,"Rangel, Charles B.",Democratic,New York,"{""item"": [{""chamber"": ""House of Representatives"", ""endYear"": 2017, ""startYear"": 1971}]}",2025-05-27T11:30:49Z,https://api.congress.gov/v3/member/R000053?format=json
W000800,"{""attribution"": ""Official U.S. Senate Photo"", ""imageUrl"": ""https://www.congress.gov/img/member/fd3cb364b8bf93c25834cff750637802_200.jpg""}",,"Welch, Peter",Democratic,Vermont,"{""item"": [{""chamber"": ""House of Representatives"", ""endYear"": 2023, ""startYear"": 2007}, {""chamber"": ""Senate"", ""startYear"": 2023}]}",2025-05-24T10:30:30Z,https://api.congress.gov/v3/member/W000800?format=json
C001078,"{""attribution"": ""Image courtesy of the Member"", ""imageUrl"": ""https://www.congress.gov/img/member/c001078_200.jpg""}",11,"Connolly, Gerald E.",Democratic,Virginia,"{""item"": [{""chamber"": ""House of Representatives"", ""endYear"": 2025, ""startYear"": 2009}]}",2025-05-21T13:36:20Z,https://api.congress.gov/v3/member/C001078?format=json
M001242,"{""attribution"": ""Official U.S. Senate Photo"", ""imageUrl"": ""https://www.congress.gov/img/member/67c8694e6159152e59828afb_200.jpg""}",,"Moreno, Bernie",Republican,Ohio,"{""item"": [{""chamber"": ""Senate"", ""startYear"": 2025}]}",2025-05-17T10:30:27Z,https://api.congress.gov/v3/member/M001242?format=json
B000611,"{""attribution"": ""<a href=\""http://www.senate.gov/artandhistory/history/common/generic/Photo_Collection_of_the_Senate_Historical_Office.htm\"">Courtesy U.S. Senate Historical Office</a>"", ""imageUrl"": ""https://www.congress.gov/img/member/b000611_200.jpg""}",,"Bond, Christopher S.",Republican,Missouri,"{""item"": [{""chamber"": ""Senate"", ""endYear"": 2011, ""startYear"": 1987}]}",2025-05-14T12:56:30Z,https://api.congress.gov/v3/member/B000611?format=json
M001229,"{""attribution"": ""Image courtesy of the Member"", ""imageUrl"": ""https://www.congress.gov/img/member/681dfed94fc893ce843e24b8_200.jpg""}",10,"McIver, LaMonica",Democratic,New Jersey,"{""item"": [{""chamber"": ""House of Representatives"", ""startYear"": 2024}]}",2025-05-09T13:45:32Z,https://api.congress.gov/v3/member/M001229?format=json
H001085,"{""attribution"": ""Image courtesy of the Member"", ""imageUrl"": ""https://www.congress.gov/img/member/681bc0e6b763f94d6e471f50_200.jpg""}",6,"Houlahan, Chrissy",Democratic,Pennsylvania,"{""item"": [{""chamber"": ""House of Representatives"", ""startYear"": 2019}]}",2025-05-08T13:36:39Z,https://api.congress.gov/v3/member/H001085?format=json
M001244,,,"Moody, Ashley",Republican,Florida,"{""item"": [{""chamber"": ""Senate"", ""startYear"": 2025}]}",2025-05-07T10:42:23Z,https://api.congress.gov/v3/member/M001244?format=json
M000566,"{""attribution"": ""Collection of the U.S. House of Representatives"", ""imageUrl"": ""https://www.congress.gov/img/member/m000566_200.jpg""}",9,"McMillan, J. Alex",Republican,North Carolina,"{""item"": [{""chamber"": ""House of Representatives"", ""endYear"": 1995, ""startYear"": 1985}]}",2025-05-06T11:16:14Z,https://api.congress.gov/v3/member/M000566?format=json
S001101,"{""attribution"": ""Collection of the U.S. House of Representatives"", ""imageUrl"": ""https://www.congress.gov/img/member/s001101_200.jpg""}",14,"Sweeney, David McCann",Republican,Texas,"{""item"": [{""chamber"": ""House of Representatives"", ""endYear"": 1989, ""startYear"": 1985}]}",2025-05-05T18:04:01Z,https://api.congress.gov/v3/member/S001101?format=json
F000116,"{""attribution"": ""Collection of the U.S. House of Representatives"", ""imageUrl"": ""https://www.congress.gov/img/member/f000116_200.jpg""}",51,"Filner, Bob",Democratic,California,"{""item"": [{""chamber"": ""House of Representatives"", ""endYear"": 2013, ""startYear"": 1993}]}",2025-05-02T17:09:53Z,https://api.congress.gov/v3/member/F000116?format=json
M001226,"{""attribution"": ""Image courtesy of the Member"", ""imageUrl"": ""https://www.congress.gov/img/member/681231f6246d1b6bd8d9f6b4_200.jpg""}",8,"Menendez, Robert",Democratic,New Jersey,"{""item"": [{""chamber"": ""House of Representatives"", ""startYear"": 2023}]}",2025-04-30T18:14:58Z,https://api.congress.gov/v3/member/M001226?format=json
F000477,"{""attribution"": ""Image courtesy of the Member"", ""imageUrl"": ""https://www.congress.gov/img/member/68122e57246d1b6bd8d9f6ab_200.jpg""}",4,"Foushee, Valerie P.",Democratic,North Carolina,"{""item"": [{""chamber"": ""House of Representatives"", ""startYear"": 2023}]}",2025-04-30T14:39:33Z,https://api.congress.gov/v3/member/F000477?format=json
T000488,"{""attribution"": ""Image courtesy of the Member"", ""imageUrl"": ""https://www.congress.gov/img/member/68122bf2246d1b6bd8d9f6a2_200.jpg""}",13,"Thanedar, Shri",Democratic,Michigan,"{""item"": [{""chamber"": ""House of Representatives"", ""startYear"": 2023}]}",2025-04-30T14:37:55Z,https://api.congress.gov/v3/member/T000488?format=json
P000622,"{""attribution"": ""Image courtesy of the Member"", ""imageUrl"": ""https://www.congress.gov/img/member/67efdb991b05a5a598f7fde9_200.jpg""}",1,"Patronis, Jimmy",Republican,Florida,"{""item"": [{""chamber"": ""House of Representatives"", ""startYear"": 2025}]}",2025-04-28T13:06:19Z,https://api.congress.gov/v3/member/P000622?format=json
F000484,"{""attribution"": ""Image courtesy of the Member"", ""imageUrl"": ""https://www.congress.gov/img/member/67efda8c1b05a5a598f7fde0_200.jpg""}",6,"Fine, Randy",Republican,Florida,"{""item"": [{""chamber"": ""House of Representatives"", ""startYear"": 2025}]}",2025-04-28T13:06:19Z,https://api.congress.gov/v3/member/F000484?format=json
S001221,"{""attribution"": ""Image courtesy of the Member"", ""imageUrl"": ""https://www.congress.gov/img/member/s001221_200.jpg""}",3,"Scholten, Hillary J.",Democratic,Michigan,"{""item"": [{""chamber"": ""House of Representatives"", ""startYear"": 2023}]}",2025-04-28T13:06:18Z,https://api.congress.gov/v3/member/S001221?format=json
J000299,"{""attribution"": ""Image courtesy of the Member"", ""imageUrl"": ""https://www.congress.gov/img/member/67ffcb2af22eaf56065817c4_200.jpg""}",4,"Johnson, Mike",Republican,Louisiana,"{""item"": [{""chamber"": ""House of Representatives"", ""startYear"": 2017}]}",2025-04-28T13:05:21Z,https://api.congress.gov/v3/member/J000299?format=json
R000621,"{""attribution"": ""Image courtesy of the Member"", ""imageUrl"": ""https://www.congress.gov/img/member/67745dcf0b34857ecc909173_200.jpg""}",6,"Randall, Emily",Democratic,Washington,"{""item"": [{""chamber"": ""House of Representatives"", ""startYear"": 2025}]}",2025-04-28T13:04:28Z,https://api.congress.gov/v3/member/R000621?format=json
M001235,"{""attribution"": ""Image courtesy of the Member"", ""imageUrl"": ""https://www.congress.gov/img/member/677449fd0b34857ecc909131_200.jpg""}",2,"Moore, Riley M.",Republican,West Virginia,"{""item"": [{""chamber"": ""House of Representatives"", ""startYear"": 2025}]}",2025-04-28T13:04:28Z,https://api.congress.gov/v3/member/M001235?format=json
B001322,"{""attribution"": ""Image courtesy of the Member"", ""imageUrl"": ""https://www.congress.gov/img/member/6774212e0b34857ecc90903a_200.jpg""}",5,"Baumgartner, Michael",Republican,Washington,"{""item"": [{""chamber"": ""House of Representatives"", ""startYear"": 2025}]}",2025-04-28T13:04:28Z,https://api.congress.gov/v3/member/B001322?format=json
W000829,"{""attribution"": ""Image courtesy of the Member"", ""imageUrl"": ""https://www.congress.gov/img/member/6734b6724c72e343a6aff9e6_200.jpg""}",8,"Wied, Tony",Republican,Wisconsin,"{""item"": [{""chamber"": ""House of Representatives"", ""startYear"": 2024}]}",2025-04-28T13:04:28Z,https://api.congress.gov/v3/member/W000829?format=json
V000135,"{""attribution"": ""Image courtesy of the Member"", ""imageUrl"": ""https://www.congress.gov/img/member/v000135_200.jpg""}",3,"Van Orden, Derrick",Republican,Wisconsin,"{""item"": [{""chamber"": ""House of Representatives"", ""startYear"": 2023}]}",2025-04-28T13:04:28Z,https://api.congress.gov/v3/member/V000135?format=json
G000600,"{""attribution"": ""Image courtesy of the Member"", ""imageUrl"": ""https://www.congress.gov/img/member/g000600_200.jpg""}",3,"Perez, Marie Gluesenkamp",Democratic,Washington,"{""item"": [{""chamber"": ""House of Representatives"", ""startYear"": 2023}]}",2025-04-28T13:04:28Z,https://api.congress.gov/v3/member/G000600?format=json
H001096,"{""attribution"": ""Image courtesy of the Member"", ""imageUrl"": ""https://www.congress.gov/img/member/h001096_200.jpg""}",,"Hageman, Harriet M.",Republican,Wyoming,"{""item"": [{""chamber"": ""House of Representatives"", ""startYear"": 2023}]}",2025-04-28T13:04:28Z,https://api.congress.gov/v3/member/H001096?format=json
B001318,"{""attribution"": ""Image courtesy of the Member"", ""imageUrl"": ""https://www.congress.gov/img/member/b001318_200.jpg""}",,"Balint, Becca",Democratic,Vermont,"{""item"": [{""chamber"": ""House of Representatives"", ""startYear"": 2023}]}",2025-04-28T13:04:28Z,https://api.congress.gov/v3/member/B001318?format=json
S001159,"{""attribution"": ""Image courtesy of the Member"", ""imageUrl"": ""https://www.congress.gov/img/member/s001159_200.jpg""}",10,"Strickland, Marilyn",Democratic,Washington,"{""item"": [{""chamber"": ""House of Representatives"", ""startYear"": 2021}]}",2025-04-28T13:04:28Z,https://api.congress.gov/v3/member/S001159?format=json
F000471,"{""attribution"": ""Image courtesy of the Member"", ""imageUrl"": ""https://www.congress.gov/img/member/f000471_200.jpg""}",5,"Fitzgerald, Scott",Republican,Wisconsin,"{""item"": [{""chamber"": ""House of Representatives"", ""startYear"": 2021}]}",2025-04-28T13:04:28Z,https://api.congress.gov/v3/member/F000471?format=json
T000165,"{""attribution"": ""Image courtesy of the Member"", ""imageUrl"": ""https://www.congress.gov/img/member/t000165_200.jpg""}",7,"Tiffany, Thomas P.",Republican,Wisconsin,"{""item"": [{""chamber"": ""House of Representatives"", ""startYear"": 2020}]}",2025-04-28T13:04:28Z,https://api.congress.gov/v3/member/T000165?format=json
M001205,"{""attribution"": ""Image courtesy of the Member"", ""imageUrl"": ""https://www.congress.gov/img/member/m001205_200.jpg""}",1,"Miller, Carol D.",Republican,West Virginia,"{""item"": [{""chamber"": ""House of Representatives"", ""startYear"": 2019}]}",2025-04-28T13:04:28Z,https://api.congress.gov/v3/member/M001205?format=json
S001213,"{""attribution"": ""Image courtesy of the Member"", ""imageUrl"": ""https://www.congress.gov/img/member/s001213_200.jpg""}",1,"Steil, Bryan",Republican,Wisconsin,"{""item"": [{""chamber"": ""House of Representatives"", ""startYear"": 2019}]}",2025-04-28T13:04:28Z,https://api.congress.gov/v3/member/S001213?format=json
S001216,"{""attribution"": ""Image courtesy of the Member"", ""imageUrl"": ""https://www.congress.gov/img/member/s001216_200.jpg""}",8,"Schrier, Kim",Democratic,Washington,"{""item"": [{""chamber"": ""House of Representatives"", ""startYear"": 2019}]}",2025-04-28T13:04:28Z,https://api.congress.gov/v3/member/S001216?format=json
J000298,"{""attribution"": ""Congressional Pictorial Directory"", ""imageUrl"": ""https://www.congress.gov/img/member/116_rp_wa_7_jayapal_pramila_200.jpg""}",7,"Jayapal, Pramila",Democratic,Washington,"{""item"": [{""chamber"": ""House of Representatives"", ""startYear"": 2017}]}",2025-04-28T13:04:28Z,https://api.congress.gov/v3/member/J000298?format=json
G000576,"{""attribution"": ""Congressional Pictorial Directory"", ""imageUrl"": ""https://www.congress.gov/img/member/116_rp_wi_6_grothman_glenn_200.jpg""}",6,"Grothman, Glenn",Republican,Wisconsin,"{""item"": [{""chamber"": ""House of Representatives"", ""startYear"": 2015}]}",2025-04-28T13:04:28Z,https://api.congress.gov/v3/member/G000576?format=json
N000189,"{""attribution"": ""Congressional Pictorial Directory"", ""imageUrl"": ""https://www.congress.gov/img/member/116_rp_wa_4_newhouse_dan_200.jpg""}",4,"Newhouse, Dan",Republican,Washington,"{""item"": [{""chamber"": ""House of Representatives"", ""startYear"": 2015}]}",2025-04-28T13:04:28Z,https://api.congress.gov/v3/member/N000189?format=json
P000610,"{""attribution"": ""Congressional Pictorial Directory"", ""imageUrl"": ""https://www.congress.gov/img/member/116_dg_vi_plaskett_stacey_200.jpg""}",,"Plaskett, Stacey E.",Democratic,Virgin Islands,"{""item"": [{""chamber"": ""House of Representatives"", ""startYear"": 2015}]}",2025-04-28T13:04:28Z,https://api.congress.gov/v3/member/P000610?format=json
P000607,"{""attribution"": ""Image courtesy of the Member"", ""imageUrl"": ""https://www.congress.gov/img/member/p000607_200.jpg""}",2,"Pocan, Mark",Democratic,Wisconsin,"{""item"": [{""chamber"": ""House of Representatives"", ""startYear"": 2013}]}",2025-04-28T13:04:28Z,https://api.congress.gov/v3/member/P000607?format=json
D000617,"{""attribution"": ""Image courtesy of the Member"", ""imageUrl"": ""https://www.congress.gov/img/member/d000617_200.jpg""}",1,"DelBene, Suzan K.",Democratic,Washington,"{""item"": [{""chamber"": ""House of Representatives"", ""startYear"": 2012}]}",2025-04-28T13:04:28Z,https://api.congress.gov/v3/member/D000617?format=json
S000510,"{""attribution"": ""Congressional Pictorial Directory"", ""imageUrl"": ""https://www.congress.gov/img/member/116_rp_wa_9_smith_adam_200.jpg""}",9,"Smith, Adam",Democratic,Washington,"{""item"": [{""chamber"": ""House of Representatives"", ""startYear"": 1997}]}",2025-04-28T13:04:28Z,https://api.congress.gov/v3/member/S000510?format=json
M001160,"{""attribution"": ""Congressional Pictorial Directory"", ""imageUrl"": ""https://www.congress.gov/img/member/116_rp_wi_4_moore_gwen_200.jpg""}",4,"Moore, Gwen",Democratic,Wisconsin,"{""item"": [{""chamber"": ""House of Representatives"", ""startYear"": 2005}]}",2025-04-28T13:04:28Z,https://api.congress.gov/v3/member/M001160?format=json
L000560,"{""attribution"": ""Congressional Pictorial Directory"", ""imageUrl"": ""https://www.congress.gov/img/member/116_rp_wa_2_larsen_rick_200.jpg""}",2,"Larsen, Rick",Democratic,Washington,"{""item"": [{""chamber"": ""House of Representatives"", ""startYear"": 2001}]}",2025-04-28T13:04:28Z,https://api.congress.gov/v3/member/L000560?format=json
V000138,"{""attribution"": ""Image courtesy of the Member"", ""imageUrl"": ""https://www.congress.gov/img/member/6774617a0b34857ecc9091b5_200.jpg""}",7,"Vindman, Eugene Simon",Democratic,Virginia,"{""item"": [{""chamber"": ""House of Representatives"", ""startYear"": 2025}]}",2025-04-28T13:04:27Z,https://api.congress.gov/v3/member/V000138?format=json
S001230,"{""attribution"": ""Image courtesy of the Member"", ""imageUrl"": ""https://www.congress.gov/img/member/6797be8bc75fbc6f720e476a_200.jpg""}",10,"Subramanyam, Suhas",Democratic,Virginia,"{""item"": [{""chamber"": ""House of Representatives"", ""startYear"": 2025}]}",2025-04-28T13:04:27Z,https://api.congress.gov/v3/member/S001230?format=json
M001239,"{""attribution"": ""Image courtesy of the Member"", ""imageUrl"": ""https://www.congress.gov/img/member/67744ba20b34857ecc909149_200.jpg""}",5,"McGuire, John J.",Republican,Virginia,"{""item"": [{""chamber"": ""House of Representatives"", ""startYear"": 2025}]}",2025-04-28T13:04:27Z,https://api.congress.gov/v3/member/M001239?format=json
K000403,"{""attribution"": ""Image courtesy of the Member"", ""imageUrl"": ""https://www.congress.gov/img/member/67742e7c0b34857ecc9090f5_200.jpg""}",3,"Kennedy, Mike",Republican,Utah,"{""item"": [{""chamber"": ""House of Representatives"", ""startYear"": 2025}]}",2025-04-28T13:04:27Z,https://api.congress.gov/v3/member/K000403?format=json
J000310,"{""attribution"": ""Image courtesy of the Member"", ""imageUrl"": ""https://www.congress.gov/img/member/67742df60b34857ecc9090e9_200.jpg""}",32,"Johnson, Julie",Democratic,Texas,"{""item"": [{""chamber"": ""House of Representatives"", ""startYear"": 2025}]}",2025-04-28T13:04:27Z,https://api.congress.gov/v3/member/J000310?format=json
G000603,"{""attribution"": ""Image courtesy of the Member"", ""imageUrl"": ""https://www.congress.gov/img/member/677428ac0b34857ecc9090b3_200.jpg""}",26,"Gill, Brandon",Republican,Texas,"{""item"": [{""chamber"": ""House of Representatives"", ""startYear"": 2025}]}",2025-04-28T13:04:27Z,https://api.congress.gov/v3/member/G000603?format=json
M001228,"{""attribution"": ""Image courtesy of the Member"", ""imageUrl"": ""https://www.congress.gov/img/member/m001228_200.jpg""}",2,"Maloy, Celeste",Republican,Utah,"{""item"": [{""chamber"": ""House of Representatives"", ""startYear"": 2023}]}",2025-04-28T13:04:27Z,https://api.congress.gov/v3/member/M001228?format=json
M001227,"{""attribution"": ""Image courtesy of the Member"", ""imageUrl"": ""https://www.congress.gov/img/member/m001227_200.jpg""}",4,"McClellan, Jennifer L.",Democratic,Virginia,"{""item"": [{""chamber"": ""House of Representatives"", ""startYear"": 2023}]}",2025-04-28T13:04:27Z,https://api.congress.gov/v3/member/M001227?format=json
K000399,"{""attribution"": ""Image courtesy of the Member"", ""imageUrl"": ""https://www.congress.gov/img/member/66b0ce45b0288a917d98f619_200.jpg""}",2,"Kiggans, Jennifer A.",Republican,Virginia,"{""item"": [{""chamber"": ""House of Representatives"", ""startYear"": 2023}]}",2025-04-28T13:04:27Z,https://api.congress.gov/v3/member/K000399?format=json
H001095,"{""attribution"": ""Image courtesy of the Member"", ""imageUrl"": ""https://www.congress.gov/img/member/h001095_200.jpg""}",38,"Hunt, Wesley",Republican,Texas,"{""item"": [{""chamber"": ""House of Representatives"", ""startYear"": 2023}]}",2025-04-28T13:04:27Z,https://api.congress.gov/v3/member/H001095?format=json
C001130,"{""attribution"": ""Image courtesy of the Member"", ""imageUrl"": ""https://www.congress.gov/img/member/c001130_200.jpg""}",30,"Crockett, Jasmine",Democratic,Texas,"{""item"": [{""chamber"": ""House of Representatives"", ""startYear"": 2023}]}",2025-04-28T13:04:27Z,https://api.congress.gov/v3/member/C001130?format=json
C001131,"{""attribution"": ""Image courtesy of the Member"", ""imageUrl"": ""https://www.congress.gov/img/member/c001131_200.jpg""}",35,"Casar, Greg",Democratic,Texas,"{""item"": [{""chamber"": ""House of Representatives"", ""startYear"": 2023}]}",2025-04-28T13:04:27Z,https://api.congress.gov/v3/member/C001131?format=json
V000134,"{""attribution"": ""Image courtesy of the Member"", ""imageUrl"": ""https://www.congress.gov/img/member/677461060b34857ecc9091af_200.jpg""}",24,"Van Duyne, Beth",Republican,Texas,"{""item"": [{""chamber"": ""House of Representatives"", ""startYear"": 2021}]}",2025-04-28T13:04:27Z,https://api.congress.gov/v3/member/V000134?format=json
O000086,"{""attribution"": ""Image courtesy of the Member"", ""imageUrl"": ""https://www.congress.gov/img/member/o000086_200.jpg""}",4,"Owens, Burgess",Republican,Utah,"{""item"": [{""chamber"": ""House of Representatives"", ""startYear"": 2021}]}",2025-04-28T13:04:27Z,https://api.congress.gov/v3/member/O000086?format=json
N000026,"{""attribution"": ""Image courtesy of the Member"", ""imageUrl"": ""https://www.congress.gov/img/member/n000026_200.jpg""}",22,"Nehls, Troy E.",Republican,Texas,"{""item"": [{""chamber"": ""House of Representatives"", ""startYear"": 2021}]}",2025-04-28T13:04:27Z,https://api.congress.gov/v3/member/N000026?format=json
M001213,"{""attribution"": ""Image courtesy of the Member"", ""imageUrl"": ""https://www.congress.gov/img/member/m001213_200.jpg""}",1,"Moore, Blake D.",Republican,Utah,"{""item"": [{""chamber"": ""House of Representatives"", ""startYear"": 2021}]}",2025-04-28T13:04:27Z,https://api.congress.gov/v3/member/M001213?format=json
G000594,"{""attribution"": ""Image courtesy of the Member"", ""imageUrl"": ""https://www.congress.gov/img/member/g000594_200.jpg""}",23,"Gonzales, Tony",Republican,Texas,"{""item"": [{""chamber"": ""House of Representatives"", ""startYear"": 2021}]}",2025-04-28T13:04:27Z,https://api.congress.gov/v3/member/G000594?format=json
C001118,"{""attribution"": ""Image courtesy of the Member"", ""imageUrl"": ""https://www.congress.gov/img/member/c001118_200.jpg""}",6,"Cline, Ben",Republican,Virginia,"{""item"": [{""chamber"": ""House of Representatives"", ""startYear"": 2019}]}",2025-04-28T13:04:27Z,https://api.congress.gov/v3/member/C001118?format=json
G000587,"{""attribution"": ""Image courtesy of the Member"", ""imageUrl"": ""https://www.congress.gov/img/member/g000587_200.jpg""}",29,"Garcia, Sylvia R.",Democratic,Texas,"{""item"": [{""chamber"": ""House of Representatives"", ""startYear"": 2019}]}",2025-04-28T13:04:27Z,https://api.congress.gov/v3/member/G000587?format=json
R000614,"{""attribution"": ""Image courtesy of the Member"", ""imageUrl"": ""https://www.congress.gov/img/member/r000614_200.jpg""}",21,"Roy, Chip",Republican,Texas,"{""item"": [{""chamber"": ""House of Representatives"", ""startYear"": 2019}]}",2025-04-28T13:04:27Z,https://api.congress.gov/v3/member/R000614?format=json
C001115,"{""attribution"": ""Congressional Pictorial Directory"", ""imageUrl"": ""https://www.congress.gov/img/member/115_rp_tx_27_cloud_michael_200.jpg""}",27,"Cloud, Michael",Republican,Texas,"{""item"": [{""chamber"": ""House of Representatives"", ""startYear"": 2018}]}",2025-04-28T13:04:27Z,https://api.congress.gov/v3/member/C001115?format=json
G000581,"{""attribution"": ""Congressional Pictorial Directory"", ""imageUrl"": ""https://www.congress.gov/img/member/115_rp_tx_15_gonzalez_vicente_200.jpg""}",34,"Gonzalez, Vicente",Democratic,Texas,"{""item"": [{""chamber"": ""House of Representatives"", ""startYear"": 2017}]}",2025-04-28T13:04:27Z,https://api.congress.gov/v3/member/G000581?format=json
B001292,"{""attribution"": ""Image courtesy of the Member"", ""imageUrl"": ""https://www.congress.gov/img/member/b001292_200.jpg""}",8,"Beyer, Donald S.",Democratic,Virginia,"{""item"": [{""chamber"": ""House of Representatives"", ""startYear"": 2015}]}",2025-04-28T13:04:27Z,https://api.congress.gov/v3/member/B001292?format=json
B001291,"{""attribution"": ""Image courtesy of the Member"", ""imageUrl"": ""https://www.congress.gov/img/member/b001291_200.jpg""}",36,"Babin, Brian",Republican,Texas,"{""item"": [{""chamber"": ""House of Representatives"", ""startYear"": 2015}]}",2025-04-28T13:04:27Z,https://api.congress.gov/v3/member/B001291?format=json
V000131,"{""attribution"": ""Image courtesy of the Member"", ""imageUrl"": ""https://www.congress.gov/img/member/v000131_200.jpg""}",33,"Veasey, Marc A.",Democratic,Texas,"{""item"": [{""chamber"": ""House of Representatives"", ""startYear"": 2013}]}",2025-04-28T13:04:27Z,https://api.congress.gov/v3/member/V000131?format=json
W000816,"{""attribution"": ""Image courtesy of the Member"", ""imageUrl"": ""https://www.congress.gov/img/member/w000816_200.jpg""}",25,"Williams, Roger",Republican,Texas,"{""item"": [{""chamber"": ""House of Representatives"", ""startYear"": 2013}]}",2025-04-28T13:04:27Z,https://api.congress.gov/v3/member/W000816?format=json
W000804,"{""attribution"": ""Image courtesy of the Member"", ""imageUrl"": ""https://www.congress.gov/img/member/w000804_200.jpg""}",1,"Wittman, Robert J.",Republican,Virginia,"{""item"": [{""chamber"": ""House of Representatives"", ""startYear"": 2007}]}",2025-04-28T13:04:27Z,https://api.congress.gov/v3/member/W000804?format=json
G000568,"{""attribution"": ""Image courtesy of the Member"", ""imageUrl"": ""https://www.congress.gov/img/member/68094df86c2e6631263de737_200.jpg""}",9,"Griffith, H. Morgan",Republican,Virginia,"{""item"": [{""chamber"": ""House of Representatives"", ""startYear"": 2011}]}",2025-04-28T13:04:27Z,https://api.congress.gov/v3/member/G000568?format=json
S000185,"{""attribution"": ""Image courtesy of the Member"", ""imageUrl"": ""https://www.congress.gov/img/member/s000185_200.jpg""}",3,"Scott, Robert C. ""Bobby""",Democratic,Virginia,"{""item"": [{""chamber"": ""House of Representatives"", ""startYear"": 1993}]}",2025-04-28T13:04:27Z,https://api.congress.gov/v3/member/S000185?format=json
C001063,"{""attribution"": ""Congressional Pictorial Directory"", ""imageUrl"": ""https://www.congress.gov/img/member/116_rp_tx_28_cuellar_henry_200.jpg""}",28,"Cuellar, Henry",Democratic,Texas,"{""item"": [{""chamber"": ""House of Representatives"", ""startYear"": 2005}]}",2025-04-28T13:04:27Z,https://api.congress.gov/v3/member/C001063?format=json
C001051,"{""attribution"": ""Image courtesy of the Member"", ""imageUrl"": ""https://www.congress.gov/img/member/c001051_200.jpg""}",31,"Carter, John R.",Republican,Texas,"{""item"": [{""chamber"": ""House of Representatives"", ""startYear"": 2003}]}",2025-04-28T13:04:27Z,https://api.congress.gov/v3/member/C001051?format=json
D000399,"{""attribution"": ""Image, Congressional Pictorial Directory, 109th."", ""imageUrl"": ""https://www.congress.gov/img/member/d000399_200.jpg""}",37,"Doggett, Lloyd",Democratic,Texas,"{""item"": [{""chamber"": ""House of Representatives"", ""startYear"": 1995}]}",2025-04-28T13:04:27Z,https://api.congress.gov/v3/member/D000399?format=json
G000601,"{""imageUrl"": ""https://www.congress.gov/img/member/6774277d0b34857ecc9090a7_200.jpg""}",12,"Goldman, Craig A.",Republican,Texas,"{""item"": [{""chamber"": ""House of Representatives"", ""startYear"": 2025}]}",2025-04-28T13:04:26Z,https://api.congress.gov/v3/member/G000601?format=json
B001325,"{""attribution"": ""Image courtesy of the Member"", ""imageUrl"": ""https://www.congress.gov/img/member/677422990b34857ecc909052_200.jpg""}",3,"Biggs, Sheri",Republican,South Carolina,"{""item"": [{""chamber"": ""House of Representatives"", ""startYear"": 2025}]}",2025-04-28T13:04:26Z,https://api.congress.gov/v3/member/B001325?format=json
S001224,"{""attribution"": ""Image courtesy of the Member"", ""imageUrl"": ""https://www.congress.gov/img/member/s001224_200.jpg""}",3,"Self, Keith",Republican,Texas,"{""item"": [{""chamber"": ""House of Representatives"", ""startYear"": 2023}]}",2025-04-28T13:04:26Z,https://api.congress.gov/v3/member/S001224?format=json
O000175,"{""attribution"": ""Image courtesy of the Member"", ""imageUrl"": ""https://www.congress.gov/img/member/o000175_200.jpg""}",5,"Ogles, Andrew",Republican,Tennessee,"{""item"": [{""chamber"": ""House of Representatives"", ""startYear"": 2023}]}",2025-04-28T13:04:26Z,https://api.congress.gov/v3/member/O000175?format=json
M001224,"{""attribution"": ""Image courtesy of the Member"", ""imageUrl"": ""https://www.congress.gov/img/member/680008c5f22eaf56065817f4_200.jpg""}",1,"Moran, Nathaniel",Republican,Texas,"{""item"": [{""chamber"": ""House of Representatives"", ""startYear"": 2023}]}",2025-04-28T13:04:26Z,https://api.congress.gov/v3/member/M001224?format=json
L000603,"{""attribution"": ""Image courtesy of the Member"", ""imageUrl"": ""https://www.congress.gov/img/member/l000603_200.jpg""}",8,"Luttrell, Morgan",Republican,Texas,"{""item"": [{""chamber"": ""House of Representatives"", ""startYear"": 2023}]}",2025-04-28T13:04:26Z,https://api.congress.gov/v3/member/L000603?format=json
F000478,"{""attribution"": ""Image courtesy of the Member"", ""imageUrl"": ""https://www.congress.gov/img/member/f000478_200.jpg""}",7,"Fry, Russell",Republican,South Carolina,"{""item"": [{""chamber"": ""House of Representatives"", ""startYear"": 2023}]}",2025-04-28T13:04:26Z,https://api.congress.gov/v3/member/F000478?format=json
D000594,"{""attribution"": ""Image courtesy of the Member"", ""imageUrl"": ""https://www.congress.gov/img/member/66d9fd54f440bf1dc174fbf6_200.jpg""}",15,"De La Cruz, Monica",Republican,Texas,"{""item"": [{""chamber"": ""House of Representatives"", ""startYear"": 2023}]}",2025-04-28T13:04:26Z,https://api.congress.gov/v3/member/D000594?format=json
E000071,"{""attribution"": ""Image courtesy of the Member"", ""imageUrl"": ""https://www.congress.gov/img/member/e000071_200.jpg""}",6,"Ellzey, Jake",Republican,Texas,"{""item"": [{""chamber"": ""House of Representatives"", ""startYear"": 2021}]}",2025-04-28T13:04:26Z,https://api.congress.gov/v3/member/E000071?format=json
P000048,"{""attribution"": ""Image courtesy of the Member"", ""imageUrl"": ""https://www.congress.gov/img/member/p000048_200.jpg""}",11,"Pfluger, August",Republican,Texas,"{""item"": [{""chamber"": ""House of Representatives"", ""startYear"": 2021}]}",2025-04-28T13:04:26Z,https://api.congress.gov/v3/member/P000048?format=json
J000304,"{""attribution"": ""Image courtesy of the Member"", ""imageUrl"": ""https://www.congress.gov/img/member/j000304_200.jpg""}",13,"Jackson, Ronny",Republican,Texas,"{""item"": [{""chamber"": ""House of Representatives"", ""startYear"": 2021}]}",2025-04-28T13:04:26Z,https://api.congress.gov/v3/member/J000304?format=json
H001086,"{""attribution"": ""Image courtesy of the Member"", ""imageUrl"": ""https://www.congress.gov/img/member/h001086_200.jpg""}",1,"Harshbarger, Diana",Republican,Tennessee,"{""item"": [{""chamber"": ""House of Representatives"", ""startYear"": 2021}]}",2025-04-28T13:04:26Z,https://api.congress.gov/v3/member/H001086?format=json
F000246,"{""attribution"": ""Image courtesy of the Member"", ""imageUrl"": ""https://www.congress.gov/img/member/f000246_200.jpg""}",4,"Fallon, Pat",Republican,Texas,"{""item"": [{""chamber"": ""House of Representatives"", ""startYear"": 2021}]}",2025-04-28T13:04:26Z,https://api.congress.gov/v3/member/F000246?format=json
E000299,"{""attribution"": ""Image courtesy of the Member"", ""imageUrl"": ""https://www.congress.gov/img/member/e000299_200.jpg""}",16,"Escobar, Veronica",Democratic,Texas,"{""item"": [{""chamber"": ""House of Representatives"", ""startYear"": 2019}]}",2025-04-28T13:04:26Z,https://api.congress.gov/v3/member/E000299?format=json
F000468,"{""attribution"": ""Image courtesy of the Member"", ""imageUrl"": ""https://www.congress.gov/img/member/67813f931f9ad6ea6fb1eb6f_200.jpg""}",7,"Fletcher, Lizzie",Democratic,Texas,"{""item"": [{""chamber"": ""House of Representatives"", ""startYear"": 2019}]}",2025-04-28T13:04:26Z,https://api.congress.gov/v3/member/F000468?format=json
G000589,"{""attribution"": ""Image courtesy of the Member"", ""imageUrl"": ""https://www.congress.gov/img/member/g000589_200.jpg""}",5,"Gooden, Lance",Republican,Texas,"{""item"": [{""chamber"": ""House of Representatives"", ""startYear"": 2019}]}",2025-04-28T13:04:26Z,https://api.congress.gov/v3/member/G000589?format=json
C001120,"{""attribution"": ""Image courtesy of the Member"", ""imageUrl"": ""https://www.congress.gov/img/member/c001120_200.jpg""}",2,"Crenshaw, Dan",Republican,Texas,"{""item"": [{""chamber"": ""House of Representatives"", ""startYear"": 2019}]}",2025-04-28T13:04:26Z,https://api.congress.gov/v3/member/C001120?format=json
R000612,"{""attribution"": ""Image courtesy of the Member"", ""imageUrl"": ""https://www.congress.gov/img/member/r000612_200.jpg""}",6,"Rose, John W.",Republican,Tennessee,"{""item"": [{""chamber"": ""House of Representatives"", ""startYear"": 2019}]}",2025-04-28T13:04:26Z,https://api.congress.gov/v3/member/R000612?format=json
B001309,"{""attribution"": ""Image courtesy of the Member"", ""imageUrl"": ""https://www.congress.gov/img/member/b001309_200.jpg""}",2,"Burchett, Tim",Republican,Tennessee,"{""item"": [{""chamber"": ""House of Representatives"", ""startYear"": 2019}]}",2025-04-28T13:04:26Z,https://api.congress.gov/v3/member/B001309?format=json
J000301,"{""attribution"": ""Image courtesy of the Member"", ""imageUrl"": ""https://www.congress.gov/img/member/j000301_200.jpg""}",,"Johnson, Dusty",Republican,South Dakota,"{""item"": [{""chamber"": ""House of Representatives"", ""startYear"": 2019}]}",2025-04-28T13:04:26Z,https://api.congress.gov/v3/member/J000301?format=json
T000480,"{""attribution"": ""Image courtesy of the Member"", ""imageUrl"": ""https://www.congress.gov/img/member/t000480_200.jpg""}",4,"Timmons, William R.",Republican,South Carolina,"{""item"": [{""chamber"": ""House of Representatives"", ""startYear"": 2019}]}",2025-04-28T13:04:26Z,https://api.congress.gov/v3/member/T000480?format=json
N000190,"{""attribution"": ""Image courtesy of the Member"", ""imageUrl"": ""https://www.congress.gov/img/member/n000190_200.jpg""}",5,"Norman, Ralph",Republican,South Carolina,"{""item"": [{""chamber"": ""House of Representatives"", ""startYear"": 2017}]}",2025-04-28T13:04:26Z,https://api.congress.gov/v3/member/N000190?format=json
A000375,"{""attribution"": ""Congressional Pictorial Directory"", ""imageUrl"": ""https://www.congress.gov/img/member/115_rp_tx_19_arrington_jodey_200.jpg""}",19,"Arrington, Jodey C.",Republican,Texas,"{""item"": [{""chamber"": ""House of Representatives"", ""startYear"": 2017}]}",2025-04-28T13:04:26Z,https://api.congress.gov/v3/member/A000375?format=json
K000392,"{""attribution"": ""Congressional Pictorial Directory"", ""imageUrl"": ""https://www.congress.gov/img/member/116_rp_tn_8_kustoff_david_200.jpg""}",8,"Kustoff, David",Republican,Tennessee,"{""item"": [{""chamber"": ""House of Representatives"", ""startYear"": 2017}]}",2025-04-28T13:04:26Z,https://api.congress.gov/v3/member/K000392?format=json
C001091,"{""attribution"": ""Image courtesy of the Member"", ""imageUrl"": ""https://www.congress.gov/img/member/c001091_200.jpg""}",20,"Castro, Joaquin",Democratic,Texas,"{""item"": [{""chamber"": ""House of Representatives"", ""startYear"": 2013}]}",2025-04-28T13:04:26Z,https://api.congress.gov/v3/member/C001091?format=json
W000814,"{""attribution"": ""Image courtesy of the Member"", ""imageUrl"": ""https://www.congress.gov/img/member/w000814_200.jpg""}",14,"Weber, Randy K. Sr.",Republican,Texas,"{""item"": [{""chamber"": ""House of Representatives"", ""startYear"": 2013}]}",2025-04-28T13:04:26Z,https://api.congress.gov/v3/member/W000814?format=json
D000616,"{""attribution"": ""Image courtesy of the Member"", ""imageUrl"": ""https://www.congress.gov/img/member/d000616_200.jpg""}",4,"DesJarlais, Scott",Republican,Tennessee,"{""item"": [{""chamber"": ""House of Representatives"", ""startYear"": 2011}]}",2025-04-28T13:04:26Z,https://api.congress.gov/v3/member/D000616?format=json
F000459,"{""attribution"": ""Image courtesy of the Member"", ""imageUrl"": ""https://www.congress.gov/img/member/f000459_200.jpg""}",3,"Fleischmann, Charles J. ""Chuck""",Republican,Tennessee,"{""item"": [{""chamber"": ""House of Representatives"", ""startYear"": 2011}]}",2025-04-28T13:04:26Z,https://api.congress.gov/v3/member/F000459?format=json
C001068,"{""attribution"": ""Image courtesy of the Member"", ""imageUrl"": ""https://www.congress.gov/img/member/c001068_200.jpg""}",9,"Cohen, Steve",Democratic,Tennessee,"{""item"": [{""chamber"": ""House of Representatives"", ""startYear"": 2007}]}",2025-04-28T13:04:26Z,https://api.congress.gov/v3/member/C001068?format=json
S000250,"{""attribution"": ""Congressional Pictorial Directory"", ""imageUrl"": ""https://www.congress.gov/img/member/115_rp_tx_32_sessions_pete_200.jpg""}",17,"Sessions, Pete",Republican,Texas,"{""item"": [{""chamber"": ""House of Representatives"", ""endYear"": 2019, ""startYear"": 1997}, {""chamber"": ""House of Representatives"", ""startYear"": 2021}]}",2025-04-28T13:04:26Z,https://api.congress.gov/v3/member/S000250?format=json
M001157,"{""attribution"": ""Congressional Pictorial Directory"", ""imageUrl"": ""https://www.congress.gov/img/member/116_rp_tx_10_mccaul_michael_200.jpg""}",10,"McCaul, Michael T.",Republican,Texas,"{""item"": [{""chamber"": ""House of Representatives"", ""startYear"": 2005}]}",2025-04-28T13:04:26Z,https://api.congress.gov/v3/member/M001157?format=json
G000553,"{""attribution"": ""Congressional Pictorial Directory"", ""imageUrl"": ""https://www.congress.gov/img/member/116_rp_tx_9_green_al_200.jpg""}",9,"Green, Al",Democratic,Texas,"{""item"": [{""chamber"": ""House of Representatives"", ""startYear"": 2005}]}",2025-04-28T13:04:26Z,https://api.congress.gov/v3/member/G000553?format=json
C000537,"{""attribution"": ""Image courtesy of the Member"", ""imageUrl"": ""https://www.congress.gov/img/member/c000537_200.jpg""}",6,"Clyburn, James E.",Democratic,South Carolina,"{""item"": [{""chamber"": ""House of Representatives"", ""startYear"": 1993}]}",2025-04-28T13:04:26Z,https://api.congress.gov/v3/member/C000537?format=json
M001230,"{""attribution"": ""Image courtesy of the Member"", ""imageUrl"": ""https://www.congress.gov/img/member/677430a40b34857ecc909113_200.jpg""}",7,"Mackenzie, Ryan",Republican,Pennsylvania,"{""item"": [{""chamber"": ""House of Representatives"", ""startYear"": 2025}]}",2025-04-28T13:04:25Z,https://api.congress.gov/v3/member/M001230?format=json
H001103,"{""attribution"": ""Image courtesy of the Member"", ""imageUrl"": ""https://www.congress.gov/img/member/67742d980b34857ecc9090e3_200.jpg""}",,"Hernández, Pablo Jose",Democratic,Puerto Rico,"{""item"": [{""chamber"": ""House of Representatives"", ""startYear"": 2025}]}",2025-04-28T13:04:25Z,https://api.congress.gov/v3/member/H001103?format=json
D000635,"{""attribution"": ""Image courtesy of the Member"", ""imageUrl"": ""https://www.congress.gov/img/member/677425260b34857ecc90907d_200.jpg""}",3,"Dexter, Maxine",Democratic,Oregon,"{""item"": [{""chamber"": ""House of Representatives"", ""startYear"": 2025}]}",2025-04-28T13:04:25Z,https://api.congress.gov/v3/member/D000635?format=json
B001327,"{""attribution"": ""Image courtesy of the Member"", ""imageUrl"": ""https://www.congress.gov/img/member/6774236f0b34857ecc90905f_200.jpg""}",8,"Bresnahan, Robert P.",Republican,Pennsylvania,"{""item"": [{""chamber"": ""House of Representatives"", ""startYear"": 2025}]}",2025-04-28T13:04:25Z,https://api.congress.gov/v3/member/B001327?format=json
B001326,"{""attribution"": ""Image courtesy of the Member"", ""imageUrl"": ""https://www.congress.gov/img/member/677423150b34857ecc909059_200.jpg""}",5,"Bynum, Janelle S.",Democratic,Oregon,"{""item"": [{""chamber"": ""House of Representatives"", ""startYear"": 2025}]}",2025-04-28T13:04:25Z,https://api.congress.gov/v3/member/B001326?format=json
A000380,"{""attribution"": ""Image courtesy of the Member"", ""imageUrl"": ""https://www.congress.gov/img/member/669ace45fa2fb0d731226768_200.jpg""}",1,"Amo, Gabe",Democratic,Rhode Island,"{""item"": [{""chamber"": ""House of Representatives"", ""startYear"": 2023}]}",2025-04-28T13:04:25Z,https://api.congress.gov/v3/member/A000380?format=json
S001226,"{""attribution"": ""Image courtesy of the Member"", ""imageUrl"": ""https://www.congress.gov/img/member/s001226_200.jpg""}",6,"Salinas, Andrea",Democratic,Oregon,"{""item"": [{""chamber"": ""House of Representatives"", ""startYear"": 2023}]}",2025-04-28T13:04:25Z,https://api.congress.gov/v3/member/S001226?format=json
M001223,"{""attribution"": ""Image courtesy of the Member"", ""imageUrl"": ""https://www.congress.gov/img/member/m001223_200.jpg""}",2,"Magaziner, Seth",Democratic,Rhode Island,"{""item"": [{""chamber"": ""House of Representatives"", ""startYear"": 2023}]}",2025-04-28T13:04:25Z,https://api.congress.gov/v3/member/M001223?format=json
L000602,"{""attribution"": ""Image courtesy of the Member"", ""imageUrl"": ""https://www.congress.gov/img/member/l000602_200.jpg""}",12,"Lee, Summer L.",Democratic,Pennsylvania,"{""item"": [{""chamber"": ""House of Representatives"", ""startYear"": 2023}]}",2025-04-28T13:04:25Z,https://api.congress.gov/v3/member/L000602?format=json
H001094,"{""attribution"": ""Image courtesy of the Member"", ""imageUrl"": ""https://www.congress.gov/img/member/h001094_200.jpg""}",4,"Hoyle, Val T.",Democratic,Oregon,"{""item"": [{""chamber"": ""House of Representatives"", ""startYear"": 2023}]}",2025-04-28T13:04:25Z,https://api.congress.gov/v3/member/H001094?format=json
D000530,"{""attribution"": ""Image courtesy of the Member"", ""imageUrl"": ""https://www.congress.gov/img/member/d000530_200.jpg""}",17,"Deluzio, Christopher R.",Democratic,Pennsylvania,"{""item"": [{""chamber"": ""House of Representatives"", ""startYear"": 2023}]}",2025-04-28T13:04:25Z,https://api.congress.gov/v3/member/D000530?format=json
B001317,"{""attribution"": ""Image courtesy of the Member"", ""imageUrl"": ""https://www.congress.gov/img/member/b001317_200.jpg""}",2,"Brecheen, Josh",Republican,Oklahoma,"{""item"": [{""chamber"": ""House of Representatives"", ""startYear"": 2023}]}",2025-04-28T13:04:25Z,https://api.congress.gov/v3/member/B001317?format=json
M000194,"{""attribution"": ""Image courtesy of the Member"", ""imageUrl"": ""https://www.congress.gov/img/member/m000194_200.jpg""}",1,"Mace, Nancy",Republican,South Carolina,"{""item"": [{""chamber"": ""House of Representatives"", ""startYear"": 2021}]}",2025-04-28T13:04:25Z,https://api.congress.gov/v3/member/M000194?format=json
B000740,"{""attribution"": ""Image courtesy of the Member"", ""imageUrl"": ""https://www.congress.gov/img/member/b000740_200.jpg""}",5,"Bice, Stephanie I.",Republican,Oklahoma,"{""item"": [{""chamber"": ""House of Representatives"", ""startYear"": 2021}]}",2025-04-28T13:04:25Z,https://api.congress.gov/v3/member/B000740?format=json
B000668,"{""attribution"": ""Image courtesy of the Member"", ""imageUrl"": ""https://www.congress.gov/img/member/b000668_200.jpg""}",2,"Bentz, Cliff",Republican,Oregon,"{""item"": [{""chamber"": ""House of Representatives"", ""startYear"": 2021}]}",2025-04-28T13:04:25Z,https://api.congress.gov/v3/member/B000668?format=json
R000610,"{""attribution"": ""Image courtesy of the Member"", ""imageUrl"": ""https://www.congress.gov/img/member/r000610_200.jpg""}",14,"Reschenthaler, Guy",Republican,Pennsylvania,"{""item"": [{""chamber"": ""House of Representatives"", ""startYear"": 2019}]}",2025-04-28T13:04:25Z,https://api.congress.gov/v3/member/R000610?format=json
J000302,"{""attribution"": ""Image courtesy of the Member"", ""imageUrl"": ""https://www.congress.gov/img/member/j000302_200.jpg""}",13,"Joyce, John",Republican,Pennsylvania,"{""item"": [{""chamber"": ""House of Representatives"", ""startYear"": 2019}]}",2025-04-28T13:04:25Z,https://api.congress.gov/v3/member/J000302?format=json
M001204,"{""attribution"": ""Image courtesy of the Member"", ""imageUrl"": ""https://www.congress.gov/img/member/6776ebbf4f8a93753830ca7d_200.jpg""}",9,"Meuser, Daniel",Republican,Pennsylvania,"{""item"": [{""chamber"": ""House of Representatives"", ""startYear"": 2019}]}",2025-04-28T13:04:25Z,https://api.congress.gov/v3/member/M001204?format=json
D000631,"{""attribution"": ""Image courtesy of the Member"", ""imageUrl"": ""https://www.congress.gov/img/member/d000631_200.jpg""}",4,"Dean, Madeleine",Democratic,Pennsylvania,"{""item"": [{""chamber"": ""House of Representatives"", ""startYear"": 2019}]}",2025-04-28T13:04:25Z,https://api.congress.gov/v3/member/D000631?format=json
H001082,"{""attribution"": ""Image courtesy of the Member"", ""imageUrl"": ""https://www.congress.gov/img/member/h001082_200.jpg""}",1,"Hern, Kevin",Republican,Oklahoma,"{""item"": [{""chamber"": ""House of Representatives"", ""startYear"": 2018}]}",2025-04-28T13:04:25Z,https://api.congress.gov/v3/member/H001082?format=json
S001205,"{""attribution"": ""Congressional Pictorial Directory"", ""imageUrl"": ""https://www.congress.gov/img/member/116_rp_pa_5_scanlon_mary_200.jpg""}",5,"Scanlon, Mary Gay",Democratic,Pennsylvania,"{""item"": [{""chamber"": ""House of Representatives"", ""startYear"": 2018}]}",2025-04-28T13:04:25Z,https://api.congress.gov/v3/member/S001205?format=json
S001199,"{""attribution"": ""Image courtesy of the Member"", ""imageUrl"": ""https://www.congress.gov/img/member/s001199_200.jpg""}",11,"Smucker, Lloyd",Republican,Pennsylvania,"{""item"": [{""chamber"": ""House of Representatives"", ""startYear"": 2017}]}",2025-04-28T13:04:25Z,https://api.congress.gov/v3/member/S001199?format=json
F000466,"{""attribution"": ""Congressional Pictorial Directory"", ""imageUrl"": ""https://www.congress.gov/img/member/116_rp_pa_1_fitzpatrick_brian_200.jpg""}",1,"Fitzpatrick, Brian K.",Republican,Pennsylvania,"{""item"": [{""chamber"": ""House of Representatives"", ""startYear"": 2017}]}",2025-04-28T13:04:25Z,https://api.congress.gov/v3/member/F000466?format=json
E000296,"{""attribution"": ""Congressional Pictorial Directory"", ""imageUrl"": ""https://www.congress.gov/img/member/115_rp_pa_2_evans_dwight_200.jpg""}",3,"Evans, Dwight",Democratic,Pennsylvania,"{""item"": [{""chamber"": ""House of Representatives"", ""startYear"": 2016}]}",2025-04-28T13:04:25Z,https://api.congress.gov/v3/member/E000296?format=json
B001296,"{""attribution"": ""Congressional Pictorial Directory"", ""imageUrl"": ""https://www.congress.gov/img/member/115_rp_pa_13_boyle_brendan_200.jpg""}",2,"Boyle, Brendan F.",Democratic,Pennsylvania,"{""item"": [{""chamber"": ""House of Representatives"", ""startYear"": 2015}]}",2025-04-28T13:04:25Z,https://api.congress.gov/v3/member/B001296?format=json
P000605,"{""attribution"": ""Image courtesy of the Member"", ""imageUrl"": ""https://www.congress.gov/img/member/677ec7d3514c773869b6b915_200.jpg""}",10,"Perry, Scott",Republican,Pennsylvania,"{""item"": [{""chamber"": ""House of Representatives"", ""startYear"": 2013}]}",2025-04-28T13:04:25Z,https://api.congress.gov/v3/member/P000605?format=json
B001278,"{""attribution"": ""Image courtesy of the Member"", ""imageUrl"": ""https://www.congress.gov/img/member/b001278_200.jpg""}",1,"Bonamici, Suzanne",Democratic,Oregon,"{""item"": [{""chamber"": ""House of Representatives"", ""startYear"": 2012}]}",2025-04-28T13:04:25Z,https://api.congress.gov/v3/member/B001278?format=json
K000376,"{""attribution"": ""Image courtesy of the Member"", ""imageUrl"": ""https://www.congress.gov/img/member/k000376_200.jpg""}",16,"Kelly, Mike",Republican,Pennsylvania,"{""item"": [{""chamber"": ""House of Representatives"", ""startYear"": 2011}]}",2025-04-28T13:04:25Z,https://api.congress.gov/v3/member/K000376?format=json
T000467,"{""attribution"": ""Congressional Pictorial Directory"", ""imageUrl"": ""https://www.congress.gov/img/member/115_rp_pa_5_thompson_glenn_200.jpg""}",15,"Thompson, Glenn",Republican,Pennsylvania,"{""item"": [{""chamber"": ""House of Representatives"", ""startYear"": 2009}]}",2025-04-28T13:04:25Z,https://api.congress.gov/v3/member/T000467?format=json
L000491,"{""attribution"": ""Congressional Pictorial Directory"", ""imageUrl"": ""https://www.congress.gov/img/member/116_rp_ok_3_lucas_frank_200.jpg""}",3,"Lucas, Frank D.",Republican,Oklahoma,"{""item"": [{""chamber"": ""House of Representatives"", ""startYear"": 1993}]}",2025-04-28T13:04:25Z,https://api.congress.gov/v3/member/L000491?format=json
C001053,"{""attribution"": ""Image courtesy of the Member"", ""imageUrl"": ""https://www.congress.gov/img/member/c001053_200.jpg""}",4,"Cole, Tom",Republican,Oklahoma,"{""item"": [{""chamber"": ""House of Representatives"", ""startYear"": 2003}]}",2025-04-28T13:04:25Z,https://api.congress.gov/v3/member/C001053?format=json
W000795,"{""attribution"": ""Congressional Pictorial Directory"", ""imageUrl"": ""https://www.congress.gov/img/member/116_rp_sc_2_wilson_joe_200.jpg""}",2,"Wilson, Joe",Republican,South Carolina,"{""item"": [{""chamber"": ""House of Representatives"", ""startYear"": 2001}]}",2025-04-28T13:04:25Z,https://api.congress.gov/v3/member/W000795?format=json
T000490,"{""attribution"": ""Image courtesy of the Member"", ""imageUrl"": ""https://www.congress.gov/img/member/677460190b34857ecc9091a3_200.jpg""}",2,"Taylor, David J.",Republican,Ohio,"{""item"": [{""chamber"": ""House of Representatives"", ""startYear"": 2025}]}",2025-04-28T13:04:24Z,https://api.congress.gov/v3/member/T000490?format=json
R000622,"{""attribution"": ""Image courtesy of the Member"", ""imageUrl"": ""https://www.congress.gov/img/member/67745e360b34857ecc909179_200.jpg""}",19,"Riley, Josh",Democratic,New York,"{""item"": [{""chamber"": ""House of Representatives"", ""startYear"": 2025}]}",2025-04-28T13:04:24Z,https://api.congress.gov/v3/member/R000622?format=json
M001231,"{""attribution"": ""Image courtesy of the Member"", ""imageUrl"": ""https://www.congress.gov/img/member/677446860b34857ecc909119_200.jpg""}",22,"Mannion, John W.",Democratic,New York,"{""item"": [{""chamber"": ""House of Representatives"", ""startYear"": 2025}]}",2025-04-28T13:04:24Z,https://api.congress.gov/v3/member/M001231?format=json
L000606,"{""attribution"": ""Image courtesy of the Member"", ""imageUrl"": ""https://www.congress.gov/img/member/6774301b0b34857ecc909107_200.jpg""}",16,"Latimer, George",Democratic,New York,"{""item"": [{""chamber"": ""House of Representatives"", ""startYear"": 2025}]}",2025-04-28T13:04:24Z,https://api.congress.gov/v3/member/L000606?format=json
R000619,"{""attribution"": ""Image courtesy of the Member"", ""imageUrl"": ""https://www.congress.gov/img/member/668e9425658443009a697c95_200.jpg""}",6,"Rulli, Michael A.",Republican,Ohio,"{""item"": [{""chamber"": ""House of Representatives"", ""startYear"": 2024}]}",2025-04-28T13:04:24Z,https://api.congress.gov/v3/member/R000619?format=json
K000402,"{""attribution"": ""Image courtesy of the Member"", ""imageUrl"": ""https://www.congress.gov/img/member/668e9306658443009a697c8c_200.jpg""}",26,"Kennedy, Timothy M.",Democratic,New York,"{""item"": [{""chamber"": ""House of Representatives"", ""startYear"": 2024}]}",2025-04-28T13:04:24Z,https://api.congress.gov/v3/member/K000402?format=json
S001223,"{""attribution"": ""Image courtesy of the Member"", ""imageUrl"": ""https://www.congress.gov/img/member/s001223_200.jpg""}",13,"Sykes, Emilia Strong",Democratic,Ohio,"{""item"": [{""chamber"": ""House of Representatives"", ""startYear"": 2023}]}",2025-04-28T13:04:24Z,https://api.congress.gov/v3/member/S001223?format=json
M001222,"{""attribution"": ""Image courtesy of the Member"", ""imageUrl"": ""https://www.congress.gov/img/member/680908fb6c2e6631263de71f_200.jpg""}",7,"Miller, Max L.",Republican,Ohio,"{""item"": [{""chamber"": ""House of Representatives"", ""startYear"": 2023}]}",2025-04-28T13:04:24Z,https://api.congress.gov/v3/member/M001222?format=json
L000599,"{""attribution"": ""Image courtesy of the Member"", ""imageUrl"": ""https://www.congress.gov/img/member/l000599_200.jpg""}",17,"Lawler, Michael",Republican,New York,"{""item"": [{""chamber"": ""House of Representatives"", ""startYear"": 2023}]}",2025-04-28T13:04:24Z,https://api.congress.gov/v3/member/L000599?format=json
L000600,"{""attribution"": ""Image courtesy of the Member"", ""imageUrl"": ""https://www.congress.gov/img/member/680901e76c2e6631263de716_200.jpg""}",23,"Langworthy, Nicholas A.",Republican,New York,"{""item"": [{""chamber"": ""House of Representatives"", ""startYear"": 2023}]}",2025-04-28T13:04:24Z,https://api.congress.gov/v3/member/L000600?format=json
L000601,"{""attribution"": ""Image courtesy of the Member"", ""imageUrl"": ""https://www.congress.gov/img/member/l000601_200.jpg""}",1,"Landsman, Greg",Democratic,Ohio,"{""item"": [{""chamber"": ""House of Representatives"", ""startYear"": 2023}]}",2025-04-28T13:04:24Z,https://api.congress.gov/v3/member/L000601?format=json
R000579,"{""attribution"": ""Image courtesy of the Member"", ""imageUrl"": ""https://www.congress.gov/img/member/r000579_200.jpg""}",18,"Ryan, Patrick",Democratic,New York,"{""item"": [{""chamber"": ""House of Representatives"", ""startYear"": 2022}]}",2025-04-28T13:04:24Z,https://api.congress.gov/v3/member/R000579?format=json
C001126,"{""attribution"": ""Image courtesy of the Member"", ""imageUrl"": ""https://www.congress.gov/img/member/c001126_200.jpg""}",15,"Carey, Mike",Republican,Ohio,"{""item"": [{""chamber"": ""House of Representatives"", ""startYear"": 2021}]}",2025-04-28T13:04:24Z,https://api.congress.gov/v3/member/C001126?format=json
B001313,"{""attribution"": ""Image courtesy of the Member"", ""imageUrl"": ""https://www.congress.gov/img/member/b001313_200.jpg""}",11,"Brown, Shontel M.",Democratic,Ohio,"{""item"": [{""chamber"": ""House of Representatives"", ""startYear"": 2021}]}",2025-04-28T13:04:24Z,https://api.congress.gov/v3/member/B001313?format=json
T000486,"{""attribution"": ""Image courtesy of the Member"", ""imageUrl"": ""https://www.congress.gov/img/member/t000486_200.jpg""}",15,"Torres, Ritchie",Democratic,New York,"{""item"": [{""chamber"": ""House of Representatives"", ""startYear"": 2021}]}",2025-04-28T13:04:24Z,https://api.congress.gov/v3/member/T000486?format=json
O000172,"{""attribution"": ""Image courtesy of the Member"", ""imageUrl"": ""https://www.congress.gov/img/member/o000172_200.jpg""}",14,"Ocasio-Cortez, Alexandria",Democratic,New York,"{""item"": [{""chamber"": ""House of Representatives"", ""startYear"": 2019}]}",2025-04-28T13:04:24Z,https://api.congress.gov/v3/member/O000172?format=json
M001206,"{""attribution"": ""Image courtesy of the Member"", ""imageUrl"": ""https://www.congress.gov/img/member/67ffc962f22eaf56065817bb_200.jpg""}",25,"Morelle, Joseph D.",Democratic,New York,"{""item"": [{""chamber"": ""House of Representatives"", ""startYear"": 2018}]}",2025-04-28T13:04:24Z,https://api.congress.gov/v3/member/M001206?format=json
B001306,"{""attribution"": ""Congressional Pictorial Directory"", ""imageUrl"": ""https://www.congress.gov/img/member/116_rp_oh_12_balderson_troy_200.jpg""}",12,"Balderson, Troy",Republican,Ohio,"{""item"": [{""chamber"": ""House of Representatives"", ""startYear"": 2018}]}",2025-04-28T13:04:24Z,https://api.congress.gov/v3/member/B001306?format=json
T000478,"{""attribution"": ""Image courtesy of the Member"", ""imageUrl"": ""https://www.congress.gov/img/member/t000478_200.jpg""}",24,"Tenney, Claudia",Republican,New York,"{""item"": [{""chamber"": ""House of Representatives"", ""endYear"": 2019, ""startYear"": 2017}, {""chamber"": ""House of Representatives"", ""startYear"": 2021}]}",2025-04-28T13:04:24Z,https://api.congress.gov/v3/member/T000478?format=json
E000297,"{""attribution"": ""Image courtesy of the Member"", ""imageUrl"": ""https://www.congress.gov/img/member/e000297_200.jpg""}",13,"Espaillat, Adriano",Democratic,New York,"{""item"": [{""chamber"": ""House of Representatives"", ""startYear"": 2017}]}",2025-04-28T13:04:24Z,https://api.congress.gov/v3/member/E000297?format=json
D000626,"{""attribution"": ""Congressional Pictorial Directory"", ""imageUrl"": ""https://www.congress.gov/img/member/115_rp_oh_8_davidson_warren_200.jpg""}",8,"Davidson, Warren",Republican,Ohio,"{""item"": [{""chamber"": ""House of Representatives"", ""startYear"": 2016}]}",2025-04-28T13:04:24Z,https://api.congress.gov/v3/member/D000626?format=json
S001196,"{""attribution"": ""Image courtesy of the Member"", ""imageUrl"": ""https://www.congress.gov/img/member/s001196_200.jpg""}",21,"Stefanik, Elise M.",Republican,New York,"{""item"": [{""chamber"": ""House of Representatives"", ""startYear"": 2015}]}",2025-04-28T13:04:24Z,https://api.congress.gov/v3/member/S001196?format=json
J000295,"{""attribution"": ""Image courtesy of the Member"", ""imageUrl"": ""https://www.congress.gov/img/member/j000295_200.jpg""}",14,"Joyce, David P.",Republican,Ohio,"{""item"": [{""chamber"": ""House of Representatives"", ""startYear"": 2013}]}",2025-04-28T13:04:24Z,https://api.congress.gov/v3/member/J000295?format=json
B001281,"{""attribution"": ""Image courtesy of the Member"", ""imageUrl"": ""https://www.congress.gov/img/member/b001281_200.jpg""}",3,"Beatty, Joyce",Democratic,Ohio,"{""item"": [{""chamber"": ""House of Representatives"", ""startYear"": 2013}]}",2025-04-28T13:04:24Z,https://api.congress.gov/v3/member/B001281?format=json
L000566,"{""attribution"": ""Image courtesy of the Member"", ""imageUrl"": ""https://www.congress.gov/img/member/l000566_200.jpg""}",5,"Latta, Robert E.",Republican,Ohio,"{""item"": [{""chamber"": ""House of Representatives"", ""startYear"": 2007}]}",2025-04-28T13:04:24Z,https://api.congress.gov/v3/member/L000566?format=json
J000289,"{""attribution"": ""Image courtesy of the Member"", ""imageUrl"": ""https://www.congress.gov/img/member/j000289_200.jpg""}",4,"Jordan, Jim",Republican,Ohio,"{""item"": [{""chamber"": ""House of Representatives"", ""startYear"": 2007}]}",2025-04-28T13:04:24Z,https://api.congress.gov/v3/member/J000289?format=json
T000469,"{""attribution"": ""Image courtesy of the Member"", ""imageUrl"": ""https://www.congress.gov/img/member/t000469_200.jpg""}",20,"Tonko, Paul",Democratic,New York,"{""item"": [{""chamber"": ""House of Representatives"", ""startYear"": 2009}]}",2025-04-28T13:04:24Z,https://api.congress.gov/v3/member/T000469?format=json
N000002,"{""attribution"": ""Image courtesy of the Member"", ""imageUrl"": ""https://www.congress.gov/img/member/n000002_200.jpg""}",12,"Nadler, Jerrold",Democratic,New York,"{""item"": [{""chamber"": ""House of Representatives"", ""startYear"": 1991}]}",2025-04-28T13:04:24Z,https://api.congress.gov/v3/member/N000002?format=json
T000463,"{""attribution"": ""Image courtesy of the Member"", ""imageUrl"": ""https://www.congress.gov/img/member/68014c674e51529406f18e56_200.jpg""}",10,"Turner, Michael R.",Republican,Ohio,"{""item"": [{""chamber"": ""House of Representatives"", ""startYear"": 2003}]}",2025-04-28T13:04:24Z,https://api.congress.gov/v3/member/T000463?format=json
K000009,"{""attribution"": ""Image courtesy of the Member"", ""imageUrl"": ""https://www.congress.gov/img/member/k000009_200.jpg""}",9,"Kaptur, Marcy",Democratic,Ohio,"{""item"": [{""chamber"": ""House of Representatives"", ""startYear"": 1983}]}",2025-04-28T13:04:24Z,https://api.congress.gov/v3/member/K000009?format=json
P000621,"{""attribution"": ""Image courtesy of the Member"", ""imageUrl"": ""https://www.congress.gov/img/member/67745d3b0b34857ecc909167_200.jpg""}",9,"Pou, Nellie",Democratic,New Jersey,"{""item"": [{""chamber"": ""House of Representatives"", ""startYear"": 2025}]}",2025-04-28T13:04:23Z,https://api.congress.gov/v3/member/P000621?format=json
G000604,"{""attribution"": ""Image courtesy of the Member"", ""imageUrl"": ""https://www.congress.gov/img/member/678ff62d66bf616cf1a7ce13_200.jpg""}",2,"Goodlander, Maggie",Democratic,New Hampshire,"{""item"": [{""chamber"": ""House of Representatives"", ""startYear"": 2025}]}",2025-04-28T13:04:23Z,https://api.congress.gov/v3/member/G000604?format=json
G000602,"{""attribution"": ""Image courtesy of the Member"", ""imageUrl"": ""https://www.congress.gov/img/member/677427de0b34857ecc9090ad_200.jpg""}",4,"Gillen, Laura",Democratic,New York,"{""item"": [{""chamber"": ""House of Representatives"", ""startYear"": 2025}]}",2025-04-28T13:04:23Z,https://api.congress.gov/v3/member/G000602?format=json
C001136,"{""attribution"": ""Image courtesy of the Member"", ""imageUrl"": ""https://www.congress.gov/img/member/6774243a0b34857ecc90906b_200.jpg""}",3,"Conaway, Herbert C.",Democratic,New Jersey,"{""item"": [{""chamber"": ""House of Representatives"", ""startYear"": 2025}]}",2025-04-28T13:04:23Z,https://api.congress.gov/v3/member/C001136?format=json
V000136,"{""attribution"": ""Image courtesy of the Member"", ""imageUrl"": ""https://www.congress.gov/img/member/v000136_200.jpg""}",2,"Vasquez, Gabe",Democratic,New Mexico,"{""item"": [{""chamber"": ""House of Representatives"", ""startYear"": 2023}]}",2025-04-28T13:04:23Z,https://api.congress.gov/v3/member/V000136?format=json
L000598,"{""attribution"": ""Image courtesy of the Member"", ""imageUrl"": ""https://www.congress.gov/img/member/l000598_200.jpg""}",1,"LaLota, Nick",Republican,New York,"{""item"": [{""chamber"": ""House of Representatives"", ""startYear"": 2023}]}",2025-04-28T13:04:23Z,https://api.congress.gov/v3/member/L000598?format=json
K000398,"{""attribution"": ""Image courtesy of the Member"", ""imageUrl"": ""https://www.congress.gov/img/member/k000398_200.jpg""}",7,"Kean, Thomas H.",Republican,New Jersey,"{""item"": [{""chamber"": ""House of Representatives"", ""startYear"": 2023}]}",2025-04-28T13:04:23Z,https://api.congress.gov/v3/member/K000398?format=json
G000599,"{""attribution"": ""Image courtesy of the Member"", ""imageUrl"": ""https://www.congress.gov/img/member/g000599_200.jpg""}",10,"Goldman, Daniel S.",Democratic,New York,"{""item"": [{""chamber"": ""House of Representatives"", ""startYear"": 2023}]}",2025-04-28T13:04:23Z,https://api.congress.gov/v3/member/G000599?format=json
S001218,"{""attribution"": ""Image courtesy of the Member"", ""imageUrl"": ""https://www.congress.gov/img/member/s001218_200.jpg""}",1,"Stansbury, Melanie A.",Democratic,New Mexico,"{""item"": [{""chamber"": ""House of Representatives"", ""startYear"": 2021}]}",2025-04-28T13:04:23Z,https://api.congress.gov/v3/member/S001218?format=json
M000317,"{""attribution"": ""Image courtesy of the Member"", ""imageUrl"": ""https://www.congress.gov/img/member/m000317_200.jpg""}",11,"Malliotakis, Nicole",Republican,New York,"{""item"": [{""chamber"": ""House of Representatives"", ""startYear"": 2021}]}",2025-04-28T13:04:23Z,https://api.congress.gov/v3/member/M000317?format=json
L000273,"{""attribution"": ""Image courtesy of the Member"", ""imageUrl"": ""https://www.congress.gov/img/member/l000273_200.jpg""}",3,"Leger Fernandez, Teresa",Democratic,New Mexico,"{""item"": [{""chamber"": ""House of Representatives"", ""startYear"": 2021}]}",2025-04-28T13:04:23Z,https://api.congress.gov/v3/member/L000273?format=json
G000597,"{""attribution"": ""Image courtesy of the Member"", ""imageUrl"": ""https://www.congress.gov/img/member/g000597_200.jpg""}",2,"Garbarino, Andrew R.",Republican,New York,"{""item"": [{""chamber"": ""House of Representatives"", ""startYear"": 2021}]}",2025-04-28T13:04:23Z,https://api.congress.gov/v3/member/G000597?format=json
L000590,"{""attribution"": ""Image courtesy of the Member"", ""imageUrl"": ""https://www.congress.gov/img/member/l000590_200.jpg""}",3,"Lee, Susie",Democratic,Nevada,"{""item"": [{""chamber"": ""House of Representatives"", ""startYear"": 2019}]}",2025-04-28T13:04:23Z,https://api.congress.gov/v3/member/L000590?format=json
S001207,"{""attribution"": ""Image courtesy of the Member"", ""imageUrl"": ""https://www.congress.gov/img/member/s001207_200.jpg""}",11,"Sherrill, Mikie",Democratic,New Jersey,"{""item"": [{""chamber"": ""House of Representatives"", ""startYear"": 2019}]}",2025-04-28T13:04:23Z,https://api.congress.gov/v3/member/S001207?format=json
V000133,"{""attribution"": ""Image courtesy of the Member"", ""imageUrl"": ""https://www.congress.gov/img/member/67c0c39d53fe81a4b3c0cac1_200.jpg""}",2,"Van Drew, Jefferson",Republican,New Jersey,"{""item"": [{""chamber"": ""House of Representatives"", ""startYear"": 2019}]}",2025-04-28T13:04:23Z,https://api.congress.gov/v3/member/V000133?format=json
P000614,"{""attribution"": ""Image courtesy of the Member"", ""imageUrl"": ""https://www.congress.gov/img/member/p000614_200.jpg""}",1,"Pappas, Chris",Democratic,New Hampshire,"{""item"": [{""chamber"": ""House of Representatives"", ""startYear"": 2019}]}",2025-04-28T13:04:23Z,https://api.congress.gov/v3/member/P000614?format=json
S001201,"{""attribution"": ""Congressional Pictorial Directory"", ""imageUrl"": ""https://www.congress.gov/img/member/116_rp_ny_3_suozzi_thomas_200.jpg""}",3,"Suozzi, Thomas R.",Democratic,New York,"{""item"": [{""chamber"": ""House of Representatives"", ""startYear"": 2017}]}",2025-04-28T13:04:23Z,https://api.congress.gov/v3/member/S001201?format=json
G000583,"{""attribution"": ""Congressional Pictorial Directory"", ""imageUrl"": ""https://www.congress.gov/img/member/115_rp_nj_5_gottheimer_josh_200.jpg""}",5,"Gottheimer, Josh",Democratic,New Jersey,"{""item"": [{""chamber"": ""House of Representatives"", ""startYear"": 2017}]}",2025-04-28T13:04:23Z,https://api.congress.gov/v3/member/G000583?format=json
W000822,"{""attribution"": ""Image courtesy of the Member"", ""imageUrl"": ""https://www.congress.gov/img/member/w000822_200.jpg""}",12,"Watson Coleman, Bonnie",Democratic,New Jersey,"{""item"": [{""chamber"": ""House of Representatives"", ""startYear"": 2015}]}",2025-04-28T13:04:23Z,https://api.congress.gov/v3/member/W000822?format=json
N000188,"{""attribution"": ""Image courtesy of the Member"", ""imageUrl"": ""https://www.congress.gov/img/member/n000188_200.jpg""}",1,"Norcross, Donald",Democratic,New Jersey,"{""item"": [{""chamber"": ""House of Representatives"", ""startYear"": 2014}]}",2025-04-28T13:04:23Z,https://api.congress.gov/v3/member/N000188?format=json
J000294,"{""attribution"": ""Image courtesy of the Member"", ""imageUrl"": ""https://www.congress.gov/img/member/j000294_200.jpg""}",8,"Jeffries, Hakeem S.",Democratic,New York,"{""item"": [{""chamber"": ""House of Representatives"", ""startYear"": 2013}]}",2025-04-28T13:04:23Z,https://api.congress.gov/v3/member/J000294?format=json
M001188,"{""attribution"": ""Image courtesy of the Member"", ""imageUrl"": ""https://www.congress.gov/img/member/m001188_200.jpg""}",6,"Meng, Grace",Democratic,New York,"{""item"": [{""chamber"": ""House of Representatives"", ""startYear"": 2013}]}",2025-04-28T13:04:23Z,https://api.congress.gov/v3/member/M001188?format=json
H001066,"{""attribution"": ""Image courtesy of the Member"", ""imageUrl"": ""https://www.congress.gov/img/member/h001066_200.jpg""}",4,"Horsford, Steven",Democratic,Nevada,"{""item"": [{""chamber"": ""House of Representatives"", ""endYear"": 2015, ""startYear"": 2013}, {""chamber"": ""House of Representatives"", ""startYear"": 2019}]}",2025-04-28T13:04:23Z,https://api.congress.gov/v3/member/H001066?format=json
A000369,"{""attribution"": ""Image courtesy of the Member"", ""imageUrl"": ""https://www.congress.gov/img/member/a000369_200.jpg""}",2,"Amodei, Mark E.",Republican,Nevada,"{""item"": [{""chamber"": ""House of Representatives"", ""startYear"": 2011}]}",2025-04-28T13:04:23Z,https://api.congress.gov/v3/member/A000369?format=json
C001067,"{""attribution"": ""Image courtesy of the Member"", ""imageUrl"": ""https://www.congress.gov/img/member/674dfc6b5c48ff736e6e1762_200.jpg""}",9,"Clarke, Yvette D.",Democratic,New York,"{""item"": [{""chamber"": ""House of Representatives"", ""startYear"": 2007}]}",2025-04-28T13:04:23Z,https://api.congress.gov/v3/member/C001067?format=json
T000468,"{""attribution"": ""Image courtesy of the Member"", ""imageUrl"": ""https://www.congress.gov/img/member/6809296b6c2e6631263de728_200.jpg""}",1,"Titus, Dina",Democratic,Nevada,"{""item"": [{""chamber"": ""House of Representatives"", ""endYear"": 2011, ""startYear"": 2009}, {""chamber"": ""House of Representatives"", ""startYear"": 2013}]}",2025-04-28T13:04:23Z,https://api.congress.gov/v3/member/T000468?format=json
P000034,"{""attribution"": ""Image, Congressional Pictorial Directory, 109th."", ""imageUrl"": ""https://www.congress.gov/img/member/p000034_200.jpg""}",6,"Pallone, Frank",Democratic,New Jersey,"{""item"": [{""chamber"": ""House of Representatives"", ""startYear"": 1987}]}",2025-04-28T13:04:23Z,https://api.congress.gov/v3/member/P000034?format=json
M001137,"{""attribution"": ""Image, Congressional Pictorial Directory, 109th."", ""imageUrl"": ""https://www.congress.gov/img/member/m001137_200.jpg""}",5,"Meeks, Gregory W.",Democratic,New York,"{""item"": [{""chamber"": ""House of Representatives"", ""startYear"": 1997}]}",2025-04-28T13:04:23Z,https://api.congress.gov/v3/member/M001137?format=json
V000081,"{""attribution"": ""Image courtesy of the Member"", ""imageUrl"": ""https://www.congress.gov/img/member/v000081_200.jpg""}",7,"Velázquez, Nydia M.",Democratic,New York,"{""item"": [{""chamber"": ""House of Representatives"", ""startYear"": 1993}]}",2025-04-28T13:04:23Z,https://api.congress.gov/v3/member/V000081?format=json
S000522,"{""attribution"": ""Collection of the U.S. House of Representatives <a href=\""http://history.house.gov/Collection/Detail/15032401950?ret=True\"">About this object</a>"", ""imageUrl"": ""https://www.congress.gov/img/member/s000522_200.jpg""}",4,"Smith, Christopher H.",Republican,New Jersey,"{""item"": [{""chamber"": ""House of Representatives"", ""startYear"": 1981}]}",2025-04-28T13:04:23Z,https://api.congress.gov/v3/member/S000522?format=json
M001240,"{""attribution"": ""Image courtesy of the Member"", ""imageUrl"": ""https://www.congress.gov/img/member/67744e930b34857ecc90914f_200.jpg""}",6,"McDowell, Addison P.",Republican,North Carolina,"{""item"": [{""chamber"": ""House of Representatives"", ""startYear"": 2025}]}",2025-04-28T13:04:22Z,https://api.congress.gov/v3/member/M001240?format=json
M001236,"{""attribution"": ""Image courtesy of the Member"", ""imageUrl"": ""https://www.congress.gov/img/member/67744a540b34857ecc909137_200.jpg""}",14,"Moore, Tim",Republican,North Carolina,"{""item"": [{""chamber"": ""House of Representatives"", ""startYear"": 2025}]}",2025-04-28T13:04:22Z,https://api.congress.gov/v3/member/M001236?format=json
K000405,"{""attribution"": ""Image courtesy of the Member"", ""imageUrl"": ""https://www.congress.gov/img/member/67742fc60b34857ecc909101_200.jpg""}",13,"Knott, Brad",Republican,North Carolina,"{""item"": [{""chamber"": ""House of Representatives"", ""startYear"": 2025}]}",2025-04-28T13:04:22Z,https://api.congress.gov/v3/member/K000405?format=json
H001102,"{""attribution"": ""Image courtesy of the Member"", ""imageUrl"": ""https://www.congress.gov/img/member/67742d1b0b34857ecc9090dd_200.jpg""}",8,"Harris, Mark",Republican,North Carolina,"{""item"": [{""chamber"": ""House of Representatives"", ""startYear"": 2025}]}",2025-04-28T13:04:22Z,https://api.congress.gov/v3/member/H001102?format=json
H001101,"{""attribution"": ""Image courtesy of the Member"", ""imageUrl"": ""https://www.congress.gov/img/member/67742ca40b34857ecc9090d7_200.jpg""}",10,"Harrigan, Pat",Republican,North Carolina,"{""item"": [{""chamber"": ""House of Representatives"", ""startYear"": 2025}]}",2025-04-28T13:04:22Z,https://api.congress.gov/v3/member/H001101?format=json
F000482,"{""attribution"": ""Image courtesy of the Member"", ""imageUrl"": ""https://www.congress.gov/img/member/677426c20b34857ecc90909b_200.jpg""}",,"Fedorchak, Julie",Republican,North Dakota,"{""item"": [{""chamber"": ""House of Representatives"", ""startYear"": 2025}]}",2025-04-28T13:04:22Z,https://api.congress.gov/v3/member/F000482?format=json
E000246,"{""attribution"": ""Image courtesy of the Member"", ""imageUrl"": ""https://www.congress.gov/img/member/e000246_200.jpg""}",11,"Edwards, Chuck",Republican,North Carolina,"{""item"": [{""chamber"": ""House of Representatives"", ""startYear"": 2023}]}",2025-04-28T13:04:22Z,https://api.congress.gov/v3/member/E000246?format=json
F000474,"{""attribution"": ""Image courtesy of the Member"", ""imageUrl"": ""https://www.congress.gov/img/member/67b4de4a61bd80d04553b0a5_200.jpg""}",1,"Flood, Mike",Republican,Nebraska,"{""item"": [{""chamber"": ""House of Representatives"", ""startYear"": 2022}]}",2025-04-28T13:04:22Z,https://api.congress.gov/v3/member/F000474?format=json
B001298,"{""attribution"": ""Congressional Pictorial Directory"", ""imageUrl"": ""https://www.congress.gov/img/member/115_rp_ne_2_bacon_don_200.jpg""}",2,"Bacon, Don",Republican,Nebraska,"{""item"": [{""chamber"": ""House of Representatives"", ""startYear"": 2017}]}",2025-04-28T13:04:22Z,https://api.congress.gov/v3/member/B001298?format=json
R000603,"{""attribution"": ""Image courtesy of the Member"", ""imageUrl"": ""https://www.congress.gov/img/member/r000603_200.jpg""}",7,"Rouzer, David",Republican,North Carolina,"{""item"": [{""chamber"": ""House of Representatives"", ""startYear"": 2015}]}",2025-04-28T13:04:22Z,https://api.congress.gov/v3/member/R000603?format=json
A000370,"{""attribution"": ""Image courtesy of the Member"", ""imageUrl"": ""https://www.congress.gov/img/member/a000370_200.jpg""}",12,"Adams, Alma S.",Democratic,North Carolina,"{""item"": [{""chamber"": ""House of Representatives"", ""startYear"": 2014}]}",2025-04-28T13:04:22Z,https://api.congress.gov/v3/member/A000370?format=json
H001067,"{""attribution"": ""Image courtesy of the Member"", ""imageUrl"": ""https://www.congress.gov/img/member/h001067_200.jpg""}",9,"Hudson, Richard",Republican,North Carolina,"{""item"": [{""chamber"": ""House of Representatives"", ""startYear"": 2013}]}",2025-04-28T13:04:22Z,https://api.congress.gov/v3/member/H001067?format=json
S001172,"{""attribution"": ""Image courtesy of the Member"", ""imageUrl"": ""https://www.congress.gov/img/member/s001172_200.jpg""}",3,"Smith, Adrian",Republican,Nebraska,"{""item"": [{""chamber"": ""House of Representatives"", ""startYear"": 2007}]}",2025-04-28T13:04:22Z,https://api.congress.gov/v3/member/S001172?format=json
F000450,"{""attribution"": ""Congressional Pictorial Directory"", ""imageUrl"": ""https://www.congress.gov/img/member/116_rp_nc_5_foxx_virginia_200.jpg""}",5,"Foxx, Virginia",Republican,North Carolina,"{""item"": [{""chamber"": ""House of Representatives"", ""startYear"": 2005}]}",2025-04-28T13:04:22Z,https://api.congress.gov/v3/member/F000450?format=json
O000177,"{""attribution"": ""Image courtesy of the Member"", ""imageUrl"": ""https://www.congress.gov/img/member/67744f970b34857ecc909161_200.jpg""}",3,"Onder, Robert F.",Republican,Missouri,"{""item"": [{""chamber"": ""House of Representatives"", ""startYear"": 2025}]}",2025-04-28T13:04:21Z,https://api.congress.gov/v3/member/O000177?format=json
M001234,"{""attribution"": ""Image courtesy of the Member"", ""imageUrl"": ""https://www.congress.gov/img/member/677449a70b34857ecc90912b_200.jpg""}",3,"Morrison, Kelly",Democratic,Minnesota,"{""item"": [{""chamber"": ""House of Representatives"", ""startYear"": 2025}]}",2025-04-28T13:04:21Z,https://api.congress.gov/v3/member/M001234?format=json
K000404,"{""attribution"": ""Image courtesy of the Member"", ""imageUrl"": ""https://www.congress.gov/img/member/67742f0a0b34857ecc9090fb_200.jpg""}",,"King-Hinds, Kimberlyn",Republican,Northern Mariana Islands,"{""item"": [{""chamber"": ""House of Representatives"", ""startYear"": 2025}]}",2025-04-28T13:04:21Z,https://api.congress.gov/v3/member/K000404?format=json
D000634,"{""attribution"": ""Image courtesy of the Member"", ""imageUrl"": ""https://www.congress.gov/img/member/677424da0b34857ecc909077_200.jpg""}",2,"Downing, Troy",Republican,Montana,"{""item"": [{""chamber"": ""House of Representatives"", ""startYear"": 2025}]}",2025-04-28T13:04:21Z,https://api.congress.gov/v3/member/D000634?format=json
B001324,"{""attribution"": ""Image courtesy of the Member"", ""imageUrl"": ""https://www.congress.gov/img/member/677422240b34857ecc90904a_200.jpg""}",1,"Bell, Wesley",Democratic,Missouri,"{""item"": [{""chamber"": ""House of Representatives"", ""startYear"": 2025}]}",2025-04-28T13:04:21Z,https://api.congress.gov/v3/member/B001324?format=json
J000307,"{""attribution"": ""Image courtesy of the Member"", ""imageUrl"": ""https://www.congress.gov/img/member/j000307_200.jpg""}",10,"James, John",Republican,Michigan,"{""item"": [{""chamber"": ""House of Representatives"", ""startYear"": 2023}]}",2025-04-28T13:04:21Z,https://api.congress.gov/v3/member/J000307?format=json
E000235,"{""attribution"": ""Image courtesy of the Member"", ""imageUrl"": ""https://www.congress.gov/img/member/e000235_200.jpg""}",4,"Ezell, Mike",Republican,Mississippi,"{""item"": [{""chamber"": ""House of Representatives"", ""startYear"": 2023}]}",2025-04-28T13:04:21Z,https://api.congress.gov/v3/member/E000235?format=json
D000230,"{""attribution"": ""Image courtesy of the Member"", ""imageUrl"": ""https://www.congress.gov/img/member/d000230_200.jpg""}",1,"Davis, Donald G.",Democratic,North Carolina,"{""item"": [{""chamber"": ""House of Representatives"", ""startYear"": 2023}]}",2025-04-28T13:04:21Z,https://api.congress.gov/v3/member/D000230?format=json
B001316,"{""attribution"": ""Image courtesy of the Member"", ""imageUrl"": ""https://www.congress.gov/img/member/b001316_200.jpg""}",7,"Burlison, Eric",Republican,Missouri,"{""item"": [{""chamber"": ""House of Representatives"", ""startYear"": 2023}]}",2025-04-28T13:04:21Z,https://api.congress.gov/v3/member/B001316?format=json
A000379,"{""attribution"": ""Image courtesy of the Member"", ""imageUrl"": ""https://www.congress.gov/img/member/a000379_200.jpg""}",4,"Alford, Mark",Republican,Missouri,"{""item"": [{""chamber"": ""House of Representatives"", ""startYear"": 2023}]}",2025-04-28T13:04:21Z,https://api.congress.gov/v3/member/A000379?format=json
F000475,"{""attribution"": ""Image courtesy of the Member"", ""imageUrl"": ""https://www.congress.gov/img/member/f000475_200.jpg""}",1,"Finstad, Brad",Republican,Minnesota,"{""item"": [{""chamber"": ""House of Representatives"", ""startYear"": 2022}]}",2025-04-28T13:04:21Z,https://api.congress.gov/v3/member/F000475?format=json
R000305,"{""attribution"": ""Image courtesy of the Member"", ""imageUrl"": ""https://www.congress.gov/img/member/r000305_200.jpg""}",2,"Ross, Deborah K.",Democratic,North Carolina,"{""item"": [{""chamber"": ""House of Representatives"", ""startYear"": 2021}]}",2025-04-28T13:04:21Z,https://api.congress.gov/v3/member/R000305?format=json
F000470,"{""attribution"": ""Image courtesy of the Member"", ""imageUrl"": ""https://www.congress.gov/img/member/f000470_200.jpg""}",7,"Fischbach, Michelle",Republican,Minnesota,"{""item"": [{""chamber"": ""House of Representatives"", ""startYear"": 2021}]}",2025-04-28T13:04:21Z,https://api.congress.gov/v3/member/F000470?format=json
M001210,"{""attribution"": ""Image courtesy of the Member"", ""imageUrl"": ""https://www.congress.gov/img/member/m001210_200.jpg""}",3,"Murphy, Gregory F.",Republican,North Carolina,"{""item"": [{""chamber"": ""House of Representatives"", ""startYear"": 2019}]}",2025-04-28T13:04:21Z,https://api.congress.gov/v3/member/M001210?format=json
G000591,"{""attribution"": ""Image courtesy of the Member"", ""imageUrl"": ""https://www.congress.gov/img/member/g000591_200.jpg""}",3,"Guest, Michael",Republican,Mississippi,"{""item"": [{""chamber"": ""House of Representatives"", ""startYear"": 2019}]}",2025-04-28T13:04:21Z,https://api.congress.gov/v3/member/G000591?format=json
S001212,"{""attribution"": ""Image courtesy of the Member"", ""imageUrl"": ""https://www.congress.gov/img/member/s001212_200.jpg""}",8,"Stauber, Pete",Republican,Minnesota,"{""item"": [{""chamber"": ""House of Representatives"", ""startYear"": 2019}]}",2025-04-28T13:04:21Z,https://api.congress.gov/v3/member/S001212?format=json
O000173,"{""attribution"": ""Image courtesy of the Member"", ""imageUrl"": ""https://www.congress.gov/img/member/o000173_200.jpg""}",5,"Omar, Ilhan",Democratic,Minnesota,"{""item"": [{""chamber"": ""House of Representatives"", ""startYear"": 2019}]}",2025-04-28T13:04:21Z,https://api.congress.gov/v3/member/O000173?format=json
C001119,"{""attribution"": ""Image courtesy of the Member"", ""imageUrl"": ""https://www.congress.gov/img/member/c001119_200.jpg""}",2,"Craig, Angie",Democratic,Minnesota,"{""item"": [{""chamber"": ""House of Representatives"", ""startYear"": 2019}]}",2025-04-28T13:04:21Z,https://api.congress.gov/v3/member/C001119?format=json
T000481,"{""attribution"": ""Image courtesy of the Member"", ""imageUrl"": ""https://www.congress.gov/img/member/t000481_200.jpg""}",12,"Tlaib, Rashida",Democratic,Michigan,"{""item"": [{""chamber"": ""House of Representatives"", ""startYear"": 2019}]}",2025-04-28T13:04:21Z,https://api.congress.gov/v3/member/T000481?format=json
S001215,"{""attribution"": ""Image courtesy of the Member"", ""imageUrl"": ""https://www.congress.gov/img/member/s001215_200.jpg""}",11,"Stevens, Haley M.",Democratic,Michigan,"{""item"": [{""chamber"": ""House of Representatives"", ""startYear"": 2019}]}",2025-04-28T13:04:21Z,https://api.congress.gov/v3/member/S001215?format=json
K000388,"{""attribution"": ""Congressional Pictorial Directory"", ""imageUrl"": ""https://www.congress.gov/img/member/116_rp_ms_1_kelly_trent_200.jpg""}",1,"Kelly, Trent",Republican,Mississippi,"{""item"": [{""chamber"": ""House of Representatives"", ""startYear"": 2015}]}",2025-04-28T13:04:21Z,https://api.congress.gov/v3/member/K000388?format=json
Z000018,"{""attribution"": ""Collection of the U.S. House of Representatives"", ""imageUrl"": ""https://www.congress.gov/img/member/117_rp_mt_1_zinke_ryan_200.jpg""}",1,"Zinke, Ryan K.",Republican,Montana,"{""item"": [{""chamber"": ""House of Representatives"", ""endYear"": 2017, ""startYear"": 2015}, {""chamber"": ""House of Representatives"", ""startYear"": 2023}]}",2025-04-28T13:04:21Z,https://api.congress.gov/v3/member/Z000018?format=json
E000294,"{""attribution"": ""Image courtesy of the Member"", ""imageUrl"": ""https://www.congress.gov/img/member/e000294_200.jpg""}",6,"Emmer, Tom",Republican,Minnesota,"{""item"": [{""chamber"": ""House of Representatives"", ""startYear"": 2015}]}",2025-04-28T13:04:21Z,https://api.congress.gov/v3/member/E000294?format=json
W000812,"{""attribution"": ""Image courtesy of the Member"", ""imageUrl"": ""https://www.congress.gov/img/member/w000812_200.jpg""}",2,"Wagner, Ann",Republican,Missouri,"{""item"": [{""chamber"": ""House of Representatives"", ""startYear"": 2013}]}",2025-04-28T13:04:21Z,https://api.congress.gov/v3/member/W000812?format=json
S001195,"{""attribution"": ""Image courtesy of the Member"", ""imageUrl"": ""https://www.congress.gov/img/member/s001195_200.jpg""}",8,"Smith, Jason",Republican,Missouri,"{""item"": [{""chamber"": ""House of Representatives"", ""startYear"": 2013}]}",2025-04-28T13:04:21Z,https://api.congress.gov/v3/member/S001195?format=json
T000193,"{""attribution"": ""Image, Congressional Pictorial Directory, 109th."", ""imageUrl"": ""https://www.congress.gov/img/member/t000193_200.jpg""}",2,"Thompson, Bennie G.",Democratic,Mississippi,"{""item"": [{""chamber"": ""House of Representatives"", ""startYear"": 1993}]}",2025-04-28T13:04:21Z,https://api.congress.gov/v3/member/T000193?format=json
